,Security Description,Issuer,Type,Security No.
0,ABSA GROUP LTD,ABSA GROUP LTD,,BFX05H3
1,ABU DHABI COMMERCIAL BANK PJSC COMMON STOCK AED 1,ABU DHABI COMMERCIAL BANK PJSC ,COMMON STOCK AED 1,6545464
2,ABU DHABI ISLAMIC BANK PJSC COMMON STOCK AED 1,ABU DHABI ISLAMIC BANK PJSC ,COMMON STOCK AED 1,6001728
3,ABU DHABI NATIONAL OIL CO FOR DISTRIBUTION PJSC COMMON STOCK AED 0.08,ABU DHABI NATIONAL OIL CO FOR DISTRIBUTION PJSC ,COMMON STOCK AED 0.08,BYVGM64
4,ADES HOLDING CO COMMON STOCK SAR 1,ADES HOLDING CO ,COMMON STOCK SAR 1,BR56KM3
5,ADNOC DRILLING CO PJSC COMMON STOCK ,ADNOC DRILLING CO PJSC ,COMMON STOCK ,BN12D39
6,ADNOC GAS PLC,ADNOC GAS PLC,,BPJLW35
7,ADNOC LOGISTICS & SERVICES COMMON STOCK AED,ADNOC LOGISTICS & SERVICES ,COMMON STOCK AED,6H9334S
8,ADNOC LOGISTICS & SERVICES COMMON STOCK AED 1.983,ADNOC LOGISTICS & SERVICES ,COMMON STOCK AED 1.983,BRBN103
9,AKBANK TAS COMMON STOCK TRY 1,AKBANK TAS ,COMMON STOCK TRY 1,B03MN70
10,AL ANSARI FINANCIAL SERVICES PJSC COMMON STOCK AED,AL ANSARI FINANCIAL SERVICES PJSC ,COMMON STOCK AED,BMWB101
11,AL RAJHI BANK COMMON STOCK SAR 10,AL RAJHI BANK ,COMMON STOCK SAR 10,B12LZH9
12,ALDAR PROPERTIES PJSC COMMON STOCK AED 1,ALDAR PROPERTIES PJSC ,COMMON STOCK AED 1,B0LX3Y2
13,ALDREES PETROLEUM AND TRANSPORT SERVICES CO COMMON STOCK SAR 10,ALDREES PETROLEUM AND TRANSPORT SERVICES CO ,COMMON STOCK SAR 10,B128FF8
14,ALINMA BANK COMMON STOCK SAR 10,ALINMA BANK ,COMMON STOCK SAR 10,B39NWT3
15,ALKHORAYEF WATER & POWER TECHNOLOGIES CO COMMON STOCK SAR 10,ALKHORAYEF WATER & POWER TECHNOLOGIES CO ,COMMON STOCK SAR 10,BN33QN1
16,ALPHA BANK SA COMMON STOCK EUR 0.3,ALPHA BANK SA ,COMMON STOCK EUR 0.3,BTJZ707
17,ALPHA SERVICES AND HOLDINGS SA COMMON STOCK ,ALPHA SERVICES AND HOLDINGS SA ,COMMON STOCK ,BZ1MXR7
18,ANGLO AMERICAN PLC COMMON STOCK GBP 0.54945,ANGLO AMERICAN PLC ,COMMON STOCK GBP 0.54945,B1XZS82
19,ANGLOGOLD ASHANTI LTD COMMON STOCK ZAR 25,ANGLOGOLD ASHANTI LTD ,COMMON STOCK ZAR 25,6565655
20,ANGLOGOLD ASHANTI PLC ZAR,ANGLOGOLD ASHANTI PLC ZAR,,BRF6FX9
21,ANGLOGOLD ASHANTI PLC ZAR,ANGLOGOLD ASHANTI PLC ZAR,,BRXH266
22,ARAB NATIONAL BANK COMMON STOCK SAR 10,ARAB NATIONAL BANK ,COMMON STOCK SAR 10,B12LZK2
23,ARABIAN CENTRES CO COMMON STOCK SAR 10,ARABIAN CENTRES CO ,COMMON STOCK SAR 10,BKBF694
24,ARABIAN CONTRACTING SERVICES CO COMMON STOCK SAR,ARABIAN CONTRACTING SERVICES CO ,COMMON STOCK SAR,BP4DC81
25,ARABIAN DRILLING CO COMMON STOCK SAR 10,ARABIAN DRILLING CO ,COMMON STOCK SAR 10,BPNZYP9
26,ATHENS INTERNATIONAL AIRPORT SA COMMON STOCK EUR 1,ATHENS INTERNATIONAL AIRPORT SA ,COMMON STOCK EUR 1,BPYS8N3
27,AVI LTD COMMON STOCK ZAR 5,AVI LTD ,COMMON STOCK ZAR 5,6040958
28,BANCA TRANSILVANIA SA COMMON STOCK RON 1,BANCA TRANSILVANIA SA ,COMMON STOCK RON 1,5393307
29,BANK OF CYPRUS HOLDINGS PLC COMMON STOCK EUR 0.1,BANK OF CYPRUS HOLDINGS PLC ,COMMON STOCK EUR 0.1,BN2BZT5
30,BANK POLSKA KASA OPIEKI SA COMMON STOCK ,BANK POLSKA KASA OPIEKI SA ,COMMON STOCK ,5473113
31,BENEFIT SYSTEMS SA COMMON STOCK PLN 1,BENEFIT SYSTEMS SA ,COMMON STOCK PLN 1,B4XY9X2
32,BID CORP LTD COMMON STOCK ZAR,BID CORP LTD ,COMMON STOCK ZAR,BZBFKT7
33,BIDVEST GROUP LTD COMMON STOCK ZAR 5,BIDVEST GROUP LTD ,COMMON STOCK ZAR 5,6100089
34,BIM BIRLESIK MAGAZALAR AS COMMON STOCK ,BIM BIRLESIK MAGAZALAR AS ,COMMON STOCK ,B0D0006
35,BUPA ARABIA FOR COOPERATIVE INSURANCE CO COMMON STOCK SAR 10,BUPA ARABIA FOR COOPERATIVE INSURANCE CO ,COMMON STOCK SAR 10,B2RLCR0
36,CCC SA COMMON STOCK PLN 0.1,CCC SA ,COMMON STOCK PLN 0.1,B04QR13
37,CLICKS GROUP LTD COMMON STOCK ZAR 1,CLICKS GROUP LTD ,COMMON STOCK ZAR 1,6105578
38,CO FOR COOPERATIVE INSURANCE/THE COMMON STOCK SAR 10,CO FOR COOPERATIVE INSURANCE/THE ,COMMON STOCK SAR 10,B128FN6
39,DETSKY MIR PJSC COMMON STOCK RUB 0.0004,DETSKY MIR PJSC ,COMMON STOCK RUB 0.0004,0H5850S
40,DISCOVERY LTD COMMON STOCK ZAR 0.1,DISCOVERY LTD ,COMMON STOCK ZAR 0.1,6177878
41,DUBAI ELECTRICITY & WATER AU,DUBAI ELECTRICITY & WATER AU,,BJLTVJ4
42,DUBAI ISLAMIC BANK PJSC COMMON STOCK AED 1,DUBAI ISLAMIC BANK PJSC ,COMMON STOCK AED 1,6283452
43,DUBAI TAXI CO PJSC COMMON STOCK AED 0.04,DUBAI TAXI CO PJSC ,COMMON STOCK AED 0.04,BQ7VXK8
44,ELM CO COMMON STOCK SAR 10,ELM CO ,COMMON STOCK SAR 10,BNYDSH8
45,EMAAR DEVELOPMENT PJSC COMMON STOCK AED 1,EMAAR DEVELOPMENT PJSC ,COMMON STOCK AED 1,BDG1977
46,EMAAR PROPERTIES PJSC COMMON STOCK AED 1,EMAAR PROPERTIES PJSC ,COMMON STOCK AED 1,B01RM25
47,EMIRATES INTEGRATED TELECOMMUNICATIONS CO PJSC COMMON STOCK AED 1,EMIRATES INTEGRATED TELECOMMUNICATIONS CO PJSC ,COMMON STOCK AED 1,B13TMN7
48,EMIRATES NBD BANK PJSC COMMON STOCK AED 1,EMIRATES NBD BANK PJSC ,COMMON STOCK AED 1,B28PFX8
49,EMIRATES TELECOMMUNICATIONS GROUP CO PJSC COMMON STOCK AED 1,EMIRATES TELECOMMUNICATIONS GROUP CO PJSC ,COMMON STOCK AED 1,6322173
50,ERSTE GROUP BANK AG COMMON STOCK EUR 0,ERSTE GROUP BANK AG ,COMMON STOCK EUR 0,5289837
51,ETIHAD ETISALAT CO COMMON STOCK SAR 10,ETIHAD ETISALAT CO ,COMMON STOCK SAR 10,B12LR51
52,EUROBANK ERGASIAS SERVICES AND HOLDINGS SA COMMON STOCK 0.22,EUROBANK ERGASIAS SERVICES AND HOLDINGS SA ,COMMON STOCK 0.22,BYZ43T4
53,FERTIGLOBE PLC COMMON STOCK,FERTIGLOBE PLC ,COMMON STOCK,BMXCL70
54,FIRST ABU DHABI BANK PJSC COMMON STOCK AED 1,FIRST ABU DHABI BANK PJSC ,COMMON STOCK AED 1,6624471
55,FIRSTRAND LTD COMMON STOCK ZAR 1,FIRSTRAND LTD ,COMMON STOCK ZAR 1,6606996
56,FIX PRICE GROUP LTD GDR,FIX PRICE GROUP LTD GDR,,0H6372S
57,FIX PRICE GROUP LTD GDR,FIX PRICE GROUP LTD GDR,,X84CF24
58,FORD OTOMOTIV SANAYI AS COMMON STOCK TRY 1,FORD OTOMOTIV SANAYI AS ,COMMON STOCK TRY 1,B03MSR5
59,FOSCHINI GROUP LTD/THE COMMON STOCK ZAR 1.25,FOSCHINI GROUP LTD/THE ,COMMON STOCK ZAR 1.25,6349688
60,GAZPROM NEFT PJSC COMMON STOCK RUB,GAZPROM NEFT PJSC ,COMMON STOCK RUB,0H5803S
61,GAZPROM NEFT PJSC COMMON STOCK RUB,GAZPROM NEFT PJSC ,COMMON STOCK RUB,X84D1F6
62,GAZPROM PJSC ADR,GAZPROM PJSC ADR,,0H6364S
63,GAZPROM PJSC ADR,GAZPROM PJSC ADR,,X84C976
64,GAZPROM PJSC COMMON STOCK RUB,GAZPROM PJSC ,COMMON STOCK RUB,X8C529A
65,GAZPROM PJSC COMMON STOCK RUB,GAZPROM PJSC ,COMMON STOCK RUB,0H5796S
66,GOLD FIELDS LTD COMMON STOCK ZAR 50,GOLD FIELDS LTD ,COMMON STOCK ZAR 50,6280215
67,GRUPA KETY SA COMMON STOCK PLN 2.5,GRUPA KETY SA ,COMMON STOCK PLN 2.5,5216385
68,HALYK SAVINGS BANK OF KAZAKHSTAN JSC GDR USD,HALYK SAVINGS BANK OF KAZAKHSTAN JSC GDR USD,,B1KDG41
69,HARMONY GOLD MINING CO LTD COMMON STOCK ZAR 50,HARMONY GOLD MINING CO LTD ,COMMON STOCK ZAR 50,6410562
70,HELLENIC TELECOMMUNICATIONS ORGANIZATION SA COMMON STOCK EUR 2.83,HELLENIC TELECOMMUNICATIONS ORGANIZATION SA ,COMMON STOCK EUR 2.83,5051605
71,HUMANSOFT HOLDING CO KSC COMMON STOCK KWD 100,HUMANSOFT HOLDING CO KSC ,COMMON STOCK KWD 100,B13BYX7
72,IMPALA PLATINUM HOLDINGS LTD COMMON STOCK ZAR 0,IMPALA PLATINUM HOLDINGS LTD ,COMMON STOCK ZAR 0,B1FFT76
73,INDUSTRIES QATAR QSC COMMON STOCK QAR 1,INDUSTRIES QATAR QSC ,COMMON STOCK QAR 1,6673570
74,JARIR MARKETING CO COMMON STOCK SAR 1,JARIR MARKETING CO ,COMMON STOCK SAR 1,B128FM5
75,JERONIMO MARTINS SGPS SA COMMON STOCK EUR 1,JERONIMO MARTINS SGPS SA ,COMMON STOCK EUR 1,B1Y1SQ7
76,JPM GBP LIQUIDITY LVNAV X (DIST.),JPM GBP LIQUIDITY LVNAV X (DIST.),,5819115
77,JPM USD LIQUIDITY LVNAV X (DIST.),JPM USD LIQUIDITY LVNAV X (DIST.),,7253766
78,JSC KASPI.KZ GDR-REG S,JSC KASPI.KZ GDR-REG S,,BMXZ8G7
79,JSE LTD,JSE LTD,,B12W5L6
80,JUMBO SA COMMON STOCK EUR 0.88,JUMBO SA ,COMMON STOCK EUR 0.88,7243530
81,KASPI.KZ JSC - ADR (SPONSORED) LEVEL III,KASPI.KZ JSC - ADR (SPONSORED) LEVEL III,,BJY21K1
82,KGHM POLSKA MIEDZ SA COMMON STOCK PLN 10,KGHM POLSKA MIEDZ SA ,COMMON STOCK PLN 10,5263251
83,KOMERCNI BANKA AS COMMON STOCK CZK 100,KOMERCNI BANKA AS ,COMMON STOCK CZK 100,4519449
84,KRKA DD NOVO MESTO COMMON STOCK EUR 1,KRKA DD NOVO MESTO ,COMMON STOCK EUR 1,5157235
85,KRUK SA COMMON STOCK PLN 1,KRUK SA ,COMMON STOCK PLN 1,B4PTLY0
86,KUMBA IRON ORE LTD COMMON STOCK ZAR 0.01,KUMBA IRON ORE LTD ,COMMON STOCK ZAR 0.01,B1G4262
87,LEEJAM SPORTS CO JSC COMMON STOCK SAR 10,LEEJAM SPORTS CO JSC ,COMMON STOCK SAR 10,BF12ZV5
88,LION FINANCE GROUP PLC COMMON STOCK GBP 1,LION FINANCE GROUP PLC ,COMMON STOCK GBP 1,BF4HYT8
89,LPP SA COMMON STOCK PLN 2,LPP SA ,COMMON STOCK PLN 2,7127979
90,LUKOIL PJSC COMMON STOCK RUB,LUKOIL PJSC ,COMMON STOCK RUB,0H5797S
91,LUKOIL PJSC COMMON STOCK RUB,LUKOIL PJSC ,COMMON STOCK RUB,X84D1F5
92,LUKOIL PJSC COMMON STOCK RUB 0.025 RUB,LUKOIL PJSC ,COMMON STOCK RUB 0.025 RUB,2H6442S
93,LUKOIL PJSC COMMON STOCK RUB 0.025 RUB,LUKOIL PJSC ,COMMON STOCK RUB 0.025 RUB,X84C974
94,LUMI RENTAL CO COMMON STOCK SAR 10,LUMI RENTAL CO ,COMMON STOCK SAR 10,BN4J940
95,MAGNIT PJSC COMMON STOCK RUB 0.01,MAGNIT PJSC ,COMMON STOCK RUB 0.01,X8C505A
96,MAGNIT PJSC COMMON STOCK RUB 0.01,MAGNIT PJSC ,COMMON STOCK RUB 0.01,0H5813S
97,MAGYAR TELEKOM TELECOMMUNICATIONS PLC COMMON STOCK HUF 100,MAGYAR TELEKOM TELECOMMUNICATIONS PLC ,COMMON STOCK HUF 100,4577469
98,MD MEDICAL GROUP INVESTMENTS PLC GDR USD,MD MEDICAL GROUP INVESTMENTS PLC GDR USD,,X8C6397
99,MD MEDICAL GROUP INVESTMENTS PLC GDR USD,MD MEDICAL GROUP INVESTMENTS PLC GDR USD,,0H6371S
100,METLEN ENERGY & METALS PLC COMMON STOCK EUR 1,METLEN ENERGY & METALS PLC ,COMMON STOCK EUR 1,BTQGS77
101,METLEN ENERGY & METALS SA COMMON STOCK ,METLEN ENERGY & METALS SA ,COMMON STOCK ,5898664
102,MMC NORILSK NICKEL PJSC COMMON STOCK RUB 1,MMC NORILSK NICKEL PJSC ,COMMON STOCK RUB 1,X84C977
103,MMC NORILSK NICKEL PJSC COMMON STOCK RUB 1,MMC NORILSK NICKEL PJSC ,COMMON STOCK RUB 1,0H5804S
104,MODERN MILLS CO COMMON STOCK SAR 10,MODERN MILLS CO ,COMMON STOCK SAR 10,BSLKY24
105,MOL HUNGARIAN OIL & GAS PLC COMMON STOCK HUF 125,MOL HUNGARIAN OIL & GAS PLC ,COMMON STOCK HUF 125,BD5ZXH8
106,MONETA MONEY BANK AS COMMON STOCK CZK 20,MONETA MONEY BANK AS ,COMMON STOCK CZK 20,BD3CQ16
107,MOTOR OIL HELLAS CORINTH REFINERIES SA COMMON STOCK EUR 0.75,MOTOR OIL HELLAS CORINTH REFINERIES SA ,COMMON STOCK EUR 0.75,5996234
108,MOTUS HOLDINGS LTD COMMON STOCK ZAR,MOTUS HOLDINGS LTD ,COMMON STOCK ZAR,BDRN3H0
109,MOUWASAT MEDICAL SERVICES CO COMMON STOCK SAR 10,MOUWASAT MEDICAL SERVICES CO ,COMMON STOCK SAR 10,B403QG4
110,MR PRICE GROUP LTD COMMON STOCK ZAR 0.025,MR PRICE GROUP LTD ,COMMON STOCK ZAR 0.025,BYXW419
111,MTN GROUP LTD COMMON STOCK ZAR 0.01,MTN GROUP LTD ,COMMON STOCK ZAR 0.01,6563206
112,NAC KAZATOMPROM JSC GDR USD,NAC KAZATOMPROM JSC GDR USD,,BGXQL36
113,NASPERS LTD COMMON STOCK ZAR 2,NASPERS LTD ,COMMON STOCK ZAR 2,BN0VX82
114,NASPERS LTD COMMON STOCK ZAR 2,NASPERS LTD ,COMMON STOCK ZAR 2,BV2FFX7
115,NASPERS LTD COMMON STOCK ZAR 2,NASPERS LTD ,COMMON STOCK ZAR 2,6622691
116,NATIONAL BANK OF GREECE SA COMMON STOCK EUR 1,NATIONAL BANK OF GREECE SA ,COMMON STOCK EUR 1,BG087C6
117,NATIONAL BANK OF KUWAIT SAKP COMMON STOCK KWD 100,NATIONAL BANK OF KUWAIT SAKP ,COMMON STOCK KWD 100,6889526
118,NEDBANK GROUP LTD COMMON STOCK ZAR 100,NEDBANK GROUP LTD ,COMMON STOCK ZAR 100,6628008
119,NOVA LJUBLJANSKA BANKA DD GDR EUR,NOVA LJUBLJANSKA BANKA DD GDR EUR,,BGRPD22
120,NOVATEK PJSC COMMON STOCK RUB 0.1,NOVATEK PJSC ,COMMON STOCK RUB 0.1,2H6464S
121,NOVATEK PJSC COMMON STOCK RUB 0.1,NOVATEK PJSC ,COMMON STOCK RUB 0.1,X84C972
122,NOVATEK PJSC COMMON STOCK RUB 0.1,NOVATEK PJSC ,COMMON STOCK RUB 0.1,0H5828S
123,NOVATEK PJSC COMMON STOCK RUB 0.1,NOVATEK PJSC ,COMMON STOCK RUB 0.1,X84C970
124,NOVOLIPETSK STEEL PJSC COMMON STOCK RUB,NOVOLIPETSK STEEL PJSC ,COMMON STOCK RUB,2H7675S
125,NOVOLIPETSK STEEL PJSC COMMON STOCK RUB,NOVOLIPETSK STEEL PJSC ,COMMON STOCK RUB,X84C97E
126,OLD MUTUAL LTD COMMON STOCK ZAR,OLD MUTUAL LTD ,COMMON STOCK ZAR,BDVPYN5
127,OOREDOO QPSC COMMON STOCK QAR 1,OOREDOO QPSC ,COMMON STOCK QAR 1,6158174
128,OPAP SA COMMON STOCK EUR 0.3,OPAP SA ,COMMON STOCK EUR 0.3,7107250
129,OPTIMA BANK SA COMMON STOCK EUR 3.45,OPTIMA BANK SA ,COMMON STOCK EUR 3.45,BL571C1
130,OTP BANK NYRT COMMON STOCK HUF 100,OTP BANK NYRT ,COMMON STOCK HUF 100,7320154
131,OUTSURANCE GROUP LTD COMMON STOCK ZAR 0.0001,OUTSURANCE GROUP LTD ,COMMON STOCK ZAR 0.0001,BN6QSM0
132,PARKIN CO PJSC COMMON STOCK AED 0.02,PARKIN CO PJSC ,COMMON STOCK AED 0.02,WB1B623
133,PARKIN CO PJSC COMMON STOCK AED 0.02,PARKIN CO PJSC ,COMMON STOCK AED 0.02,BRRGQF6
134,PIRAEUS FINANCIAL HOLDINGS SA COMMON STOCK EUR 0.93,PIRAEUS FINANCIAL HOLDINGS SA ,COMMON STOCK EUR 0.93,BNC0DB0
135,POLYUS PJSC COMMON STOCK RUB,POLYUS PJSC ,COMMON STOCK RUB,2H7182S
136,POLYUS PJSC COMMON STOCK RUB,POLYUS PJSC ,COMMON STOCK RUB,X84D1F8
137,POWSZECHNA KASA OSZCZEDNOSCI BANK POLSKI SA COMMON STOCK PLN 1,POWSZECHNA KASA OSZCZEDNOSCI BANK POLSKI SA ,COMMON STOCK PLN 1,B03NGS5
138,POWSZECHNY ZAKLAD UBEZPIECZEN SA COMMON STOCK PLN 0.1,POWSZECHNY ZAKLAD UBEZPIECZEN SA ,COMMON STOCK PLN 0.1,B63DG21
139,QATAR GAS TRANSPORT CO LTD COMMON STOCK QAR 1,QATAR GAS TRANSPORT CO LTD ,COMMON STOCK QAR 1,B0MLBC9
140,QATAR NATIONAL BANK QPSC COMMON STOCK QAR 1,QATAR NATIONAL BANK QPSC ,COMMON STOCK QAR 1,6148197
141,RAIFFEISEN BANK INTERNATIONAL AG COMMON STOCK EUR 0,RAIFFEISEN BANK INTERNATIONAL AG ,COMMON STOCK EUR 0,B0704T9
142,RICHTER GEDEON NYRT COMMON STOCK ,RICHTER GEDEON NYRT ,COMMON STOCK ,BC9ZH86
143,RIYAD BANK COMMON STOCK SAR 10,RIYAD BANK ,COMMON STOCK SAR 10,B12LZW4
144,RIYADH CABLES GROUP CO COMMON STOCK SAR 10,RIYADH CABLES GROUP CO ,COMMON STOCK SAR 10,BNBPXW7
145,ROSNEFT OIL CO PJSC COMMON STOCK RUB,ROSNEFT OIL CO PJSC ,COMMON STOCK RUB,2H7674S
146,ROSNEFT OIL CO PJSC COMMON STOCK RUB,ROSNEFT OIL CO PJSC ,COMMON STOCK RUB,X84D1F9
147,ROSNEFT OIL CO PJSC COMMON STOCK RUB 0.01,ROSNEFT OIL CO PJSC ,COMMON STOCK RUB 0.01,X84C971
148,ROSNEFT OIL CO PJSC COMMON STOCK RUB 0.01,ROSNEFT OIL CO PJSC ,COMMON STOCK RUB 0.01,0H5827S
149,ROSTELECOM PJSC COMMON STOCK RUB,ROSTELECOM PJSC ,COMMON STOCK RUB,X84C978
150,ROSTELECOM PJSC COMMON STOCK RUB,ROSTELECOM PJSC ,COMMON STOCK RUB,0H5802S
151,SABIC AGRI-NUTRIENTS CO COMMON STOCK SAR 10,SABIC AGRI-NUTRIENTS CO ,COMMON STOCK SAR 10,B1323K0
152,SAHARA INTERNATIONAL PETROCHEMICAL CO COMMON STOCK SAR 10,SAHARA INTERNATIONAL PETROCHEMICAL CO ,COMMON STOCK SAR 10,B1C1NH5
153,SALIK CO PJSC COMMON STOCK AED 0.01,SALIK CO PJSC ,COMMON STOCK AED 0.01,BJN5952
154,SANLAM LTD COMMON STOCK ZAR 1,SANLAM LTD ,COMMON STOCK ZAR 1,B0L6750
155,SARANTIS SA EUR1.53,SARANTIS SA EUR1.53,,7124958
156,SASOL LTD COMMON STOCK ZAR 0,SASOL LTD ,COMMON STOCK ZAR 0,6777450
157,SAUDI ARABIAN OIL CO COMMON STOCK SAR,SAUDI ARABIAN OIL CO ,COMMON STOCK SAR,BJTM270
158,SAUDI ARAMCO BASE OIL CO COMMON STOCK ,SAUDI ARAMCO BASE OIL CO ,COMMON STOCK ,BMDKMB5
159,SAUDI AWWAL BANK COMMON STOCK SAR 10,SAUDI AWWAL BANK ,COMMON STOCK SAR 10,B12LSY7
160,SAUDI BASIC INDUSTRIES CORP COMMON STOCK SAR 10,SAUDI BASIC INDUSTRIES CORP ,COMMON STOCK SAR 10,B1324D0
161,SAUDI GROUND SERVICES CO COMMON STOCK SAR 10,SAUDI GROUND SERVICES CO ,COMMON STOCK SAR 10,BYYTJ69
162,SAUDI TELECOM CO COMMON STOCK,SAUDI TELECOM CO ,COMMON STOCK,B12M7Q5
163,SAUDIA DAIRY & FOODSTUFF CO COMMON STOCK SAR 10,SAUDIA DAIRY & FOODSTUFF CO ,COMMON STOCK SAR 10,B133P41
164,SBERBANK OF RUSSIA PJSC,SBERBANK OF RUSSIA PJSC,,X8C6398
165,SBERBANK OF RUSSIA PJSC,SBERBANK OF RUSSIA PJSC,,0H5855S
166,SBERBANK OF RUSSIA PJSC PREFERENCE RUB 3,SBERBANK OF RUSSIA PJSC PREFERENCE RUB 3,,X8C6155
167,SBERBANK OF RUSSIA PJSC PREFERENCE RUB 3,SBERBANK OF RUSSIA PJSC PREFERENCE RUB 3,,0H5856S
168,SEVERSTAL PAO GDR USD,SEVERSTAL PAO GDR USD,,0H6368S
169,SEVERSTAL PAO GDR USD,SEVERSTAL PAO GDR USD,,X84C975
170,SHOPRITE HOLDINGS LTD COMMON STOCK ZAR 113.4,SHOPRITE HOLDINGS LTD ,COMMON STOCK ZAR 113.4,6801575
171,SIBANYE STILLWATER LTD COMMON STOCK ZAR,SIBANYE STILLWATER LTD ,COMMON STOCK ZAR,BL0L913
172,SISTEMA PJSFC COMMON STOCK RUB 0.09,SISTEMA PJSFC ,COMMON STOCK RUB 0.09,0H5808S
173,SISTEMA PJSFC COMMON STOCK RUB 0.09,SISTEMA PJSFC ,COMMON STOCK RUB 0.09,X84D1F7
174,STANDARD BANK GROUP LTD COMMON STOCK ZAR 10,STANDARD BANK GROUP LTD ,COMMON STOCK ZAR 10,B030GJ7
175,STS HOLDING SA COMMON STOCK PLN,STS HOLDING SA ,COMMON STOCK PLN,BMFCKF9
176,TATNEFT PJSC COMMON STOCK RUB,TATNEFT PJSC ,COMMON STOCK RUB,0H5822S
177,TATNEFT PJSC COMMON STOCK RUB,TATNEFT PJSC ,COMMON STOCK RUB,X84C973
178,TATNEFT PJSC PREFERENCE RUB 1,TATNEFT PJSC PREFERENCE RUB 1,,0H5816S
179,TATNEFT PJSC PREFERENCE RUB 1,TATNEFT PJSC PREFERENCE RUB 1,,X8C6150
180,TBC BANK GROUP PLC COMMON STOCK ,TBC BANK GROUP PLC ,COMMON STOCK ,BYT1830
181,TCS GROUP HOLDING PLC GDR,TCS GROUP HOLDING PLC GDR,,0H6380S
182,TCS GROUP HOLDING PLC GDR,TCS GROUP HOLDING PLC GDR,,X8C4FD3
183,TECOM GROUP PJSC COMMON STOCK AED 0.1,TECOM GROUP PJSC ,COMMON STOCK AED 0.1,BLDC8Q1
184,TEN SQUARE GAMES SA COMMON STOCK PLN 0.1,TEN SQUARE GAMES SA ,COMMON STOCK PLN 0.1,BFZCQ74
185,THE SAUDI NATIONAL BANK,THE SAUDI NATIONAL BANK,,BSHYYN1
186,TITAN CEMENT INTERNATIONAL SA COMMON STOCK EUR,TITAN CEMENT INTERNATIONAL SA ,COMMON STOCK EUR,BJ8PD99
187,TRUWORTHS INTERNATIONAL LTD COMMON STOCK ZAR 0.015,TRUWORTHS INTERNATIONAL LTD ,COMMON STOCK ZAR 0.015,6113485
188,TUPRAS-TURKIYE PETROL RAFINE,TUPRAS-TURKIYE PETROL RAFINE,,B03MYT9
189,TURK HAVA YOLLARI AO COMMON STOCK TRY 1,TURK HAVA YOLLARI AO ,COMMON STOCK TRY 1,B03MYK0
190,TURKCELL ILETISIM HIZMET AS,TURKCELL ILETISIM HIZMET AS,,B03MYN3
191,TURKIYE GARANTI BANKASI AS COMMON STOCK TRY 1,TURKIYE GARANTI BANKASI AS ,COMMON STOCK TRY 1,B03MYP5
192,TURKIYE SIGORTA AS COMMON STOCK TRY 1,TURKIYE SIGORTA AS ,COMMON STOCK TRY 1,B03MTD8
193,UNITED ELECTRONICS CO COMMON STOCK SAR,UNITED ELECTRONICS CO ,COMMON STOCK SAR,B4P2SD7
194,UNITED INTERNATIONAL TRANSPORTATION CO COMMON STOCK SAR 10,UNITED INTERNATIONAL TRANSPORTATION CO ,COMMON STOCK SAR 10,B2493D0
195,VALTERRA PLATINUM LTD COMMON STOCK ZAR 10,VALTERRA PLATINUM LTD ,COMMON STOCK ZAR 10,6761000
196,VODACOM GROUP LTD COMMON STOCK ZAR,VODACOM GROUP LTD ,COMMON STOCK ZAR,B65B4D0
197,VTB BANK PJSC COMMON STOCK RUB 0.01,VTB BANK PJSC ,COMMON STOCK RUB 0.01,X8C6392
198,VTB BANK PJSC COMMON STOCK RUB 0.01,VTB BANK PJSC ,COMMON STOCK RUB 0.01,0H5837S
199,WE BUY CARS HOLDINGS LTD COMMON STOCK ZAR,WE BUY CARS HOLDINGS LTD ,COMMON STOCK ZAR,BSB8C80
200,WOOLWORTHS HOLDINGS LTD/SOUTH AFRICA COMMON STOCK ZAR 0,WOOLWORTHS HOLDINGS LTD/SOUTH AFRICA ,COMMON STOCK ZAR 0,B06KZ97
201,X 5 RETAIL GROUP NV-REGS GDR,X 5 RETAIL GROUP NV-REGS GDR,,0H6365S
202,X 5 RETAIL GROUP NV-REGS GDR,X 5 RETAIL GROUP NV-REGS GDR,,X8C4FD9
203,YANDEX NV COMMON STOCK USD 0.01,YANDEX NV ,COMMON STOCK USD 0.01,0H6379S
204,YAPI VE KREDI BANKASI AS COMMON STOCK TRY 1,YAPI VE KREDI BANKASI AS ,COMMON STOCK TRY 1,B03MZJ6
